﻿<?xml version="1.0" encoding="utf-8"?><Device Name="Application"><Policies><Policy AutoChangeOnAdd="No" AutoVerifyOnAdd="No" ID="MFA-TOTP" PlatformBaseID="Dummy" PlatformBaseProtocol="Dummy" PlatformBaseType="Dummy">
          <Properties>
            <Required>
              <Property Name="Username" />
              <Property Name="Address" />
            </Required>
            <Optional>
              <Property Name="Duration" DisplayName="OTP Time-Step" />
              <Property Name="Timeout" DisplayName="OTP Digits" />
            </Optional>
          </Properties>
          <LinkedPasswords />
          <TicketingSystem EnterTicketingInfo="No" ValidateTicketNumber="No" />
        </Policy></Policies></Device>