﻿<?xml version="1.0" encoding="utf-8"?><Device Name="Application"><Policies><Policy AutoChangeOnAdd="No" AutoVerifyOnAdd="No" ID="MFA-TOTP" PlatformBaseID="Dummy" PlatformBaseProtocol="Dummy" PlatformBaseType="Dummy">
          <PrivilegedSessionManagement ID="PAM" />
          <Properties>
            <Required>
              <Property Name="Username" />
              <Property Name="Address" />
            </Required>
            <Optional>
              <Property Name="Duration" DisplayName="OTP Time-Step" />
              <Property Name="Timeout" DisplayName="OTP Digits" />
              <Property Name="WebApplicationID" DisplayName="ApplicationID" />
            </Optional>
          </Properties>
          <LinkedPasswords />
          <TicketingSystem EnterTicketingInfo="No" ValidateTicketNumber="No" />
          <ConnectionComponents>
            <ConnectionComponent Id="PSM-TOTPToken" Enable="Yes">
              <OverrideComponentParameters>
                <Parameter Name="DisableRemoteApp" Value="No" />
              </OverrideComponentParameters>
            </ConnectionComponent>
          </ConnectionComponents>
        </Policy></Policies></Device>